{"initial_reset_timestamp": 1667813923.8952663, "timestamps": [1667813927.14165], "episode_lengths": [1625], "episode_rewards": [21.0], "episode_types": ["t"]}